Workbook

Sheet התחלה
A1: כמה החזר נוח לנו?
A2: מחשבון לזוגות לפני דירה ראשונה · מאלישיב, איש כספים בתאגיד
A3: להמחשה בלבד. לא ייעוץ משכנתאות, לא ייעוץ פיננסי ולא ייעוץ מס. הכי נוח במחשב או בגוגל שיטס.
A4: הבנק בודק כמה תוכלו להחזיר. המחשבון הזה בודק כמה יהיה לכם נוח להחזיר, ומה זה אומר על מחיר הדירה.
A6: איך משתמשים (20 דקות, שניכם, עם דפי החשבון של 3 החודשים האחרונים):
A7: מתחילים בלשונית שלושת הצעדים: 3 חודשים אחורה, הקופה השנתית, וקודם לעצמכם. מה שממלאים שם עובר לבד ללשונית 1.
A8: שלב א' - לשונית הנתונים שלכם: ממלאים רק את התאים הצהובים, בעמודה שלכם.
A9: שלב ב' - לשונית ההחזר הנוח: 3 המספרים - ★1 כמה נשאר בסוף חודש, ★2 כמה נשאר בצד אחרי הקנייה, ★3 מבחן החודש הרע - וההחזר הנוח לכם.
A10: שלב ג' - לשונית כמה דירה: מחיר להמחשה, ומה מגביל אותו.
A11: שלב ד' - לשונית בדיקת דירה: מכניסים מחיר של דירה שראיתם, ורואים אם היא בתוך הגבולות שלכם.
A12: שלב ה' - לשונית סגירת חודש: 3 חודשים ברצף של תכננו, קרה ופער, ומה עושים לפני הבנק.
A14: צהוב = ממלאים. אפור = דוגמה להמחשה, לא המלצה. הנוסחאות נעולות כדי שלא יימחקו בטעות.
... A22: kesefbaktana@gmail.com · גרסה 2, 30.10.2026

Sheet שלושת הצעדים
A1: שלושת הצעדים
A2: מהוובינר "לאן הולך הכסף שלכם?". מה שממלאים כאן עובר לבד ללשונית 1.
A4: צעד 1: 3 חודשים אחורה | B4: חודש 1 | C4: חודש 2 | D4: חודש 3 | E4: ממוצע | F4: מה נכנס
A5: דיור, בלי שכר דירה | E5: =IF(COUNT(B5:D5)=0,"",AVERAGE(B5:D5)) | F5: חשבונות, ארנונה, ועד בית
A6: שכר דירה | E6: =IF(COUNT(B6:D6)=0,"",AVERAGE(B6:D6)) | F6: עובר לשורת שכר הדירה בלשונית 1
A7: אוכל | E7: =IF(COUNT(B7:D7)=0,"",AVERAGE(B7:D7)) | F7: סופר, מסעדות, משלוחים
A8: ילדים | E8: =IF(COUNT(B8:D8)=0,"",AVERAGE(B8:D8)) | F8: גן, חוגים, ביגוד
A9: רכב ותחבורה | E9: =IF(COUNT(B9:D9)=0,"",AVERAGE(B9:D9)) | F9: דלק, חניה, תחבורה ציבורית
A10: עזרה למשפחה או מזונות | E10: =IF(COUNT(B10:D10)=0,"",AVERAGE(B10:D10)) | F10: קטגוריה משלה, אם יש
A11: כל השאר | E11: =IF(COUNT(B11:D11)=0,"",AVERAGE(B11:D11)) | F11: כל מה שלא נכנס למעלה, כולל החזרי הלוואות
A12: סה״כ בחודש, בממוצע | E12: =IF(COUNT(E5:E11)=0,"",SUM(E5:E11))
A14: צעד 2: הקופה השנתית | B14: כמה בשנה
A15: ביטוח רכב
A16: טסט ורישוי
A17: חגים
A18: ימי הולדת ומתנות
A19: קייטנות
A20: אחר
A21: אחר
A22: אחר
A23: סה״כ בשנה | B23: =IF(COUNT(B15:B22)=0,"",SUM(B15:B22))
A24: לקופה בכל חודש | B24: =IF(B23="","",B23/12) | F24: נכנס להוצאות הקבועות בלשונית 1, כדי שאף חודש לא יפתיע
A26: צעד 3: קודם לעצמכם
A27: ★1 כמה נשאר בסוף חודש, היום | B27: ='2 ההחזר הנוח'!B9 | F27: מלשונית 2. מתעדכן אחרי שממלאים הכנסות בלשונית 1
A28: כמה יוצא לחיסכון יום אחרי המשכורת | F28: בהוראת קבע. עובר לשורת החיסכון בלשונית 1
A29: מה זה אומר | B29: =IF(B27="","מלאו בלשונית 1 הכנסה והוצאות, כדי לראות כמה נשאר",IF(B27<0,"במינוס: היום יוצא יותר ממה שנכנס. הסכום הולך קודם לסגירת המינוס",IF(B28="","בחרו סכום. גם 500 ₪ זה התחלה",IF(B28>B27,"הסכום גבוה ממה שנשאר היום. התחילו מסכום נמוך יותר","אפשרי. הוראת קבע יום אחרי המשכורת"))))
A31: מה עובר ללשונית 1: דיור, ילדים, רכב, עזרה למשפחה והקופה השנתית - להוצאות הקבועות. אוכל וכל השאר - למשתנות.
A32: רוצים לתקן מספר בלשונית 1? כותבים עליו. אז הוא כבר לא מתעדכן מכאן.

Sheet 1 הנתונים שלכם
A1: 1. הנתונים שלכם
A2: ממלאים רק את התאים הצהובים, בעמודה "שלכם". מילאתם את שלושת הצעדים? ההוצאות, שכר הדירה והחיסכון כבר כאן. העמודה האפורה היא דוגמה להמחשה, לא המלצה.
B4: שלכם | C4: דוגמה להמחשה | D4: איך ממלאים
A5: הכנסה נטו בחודש - בן/בת זוג א' | C5: 14000 | D5: ממוצע 6 חודשים אחרונים, מתלוש השכר. בלי בונוסים חד-פעמיים
A6: הכנסה נטו בחודש - בן/בת זוג ב' | C6: 11000 | D6: אם יש הכנסה אחת - משאירים ריק
A7: הוצאות קבועות בחודש, בלי שכר דירה | B7: =IF(COUNT('שלושת הצעדים'!E5,'שלושת הצעדים'!E8,'שלושת הצעדים'!E9,'שלושת הצעדים'!E10,'שלושת הצעדים'!B24)=0,"",N('שלושת הצעדים'!E5)+N('שלושת הצעדים'!E8)+N('שלושת הצעדים'!E9)+N('שלושת הצעדים'!E10)+N('שלושת הצעדים'!B24)) | C7: 7500 | D7: חשבונות, תחבורה, מנויים, גן, החזרי הלוואות
A8: הוצאות משתנות בחודש | B8: =IF(COUNT('שלושת הצעדים'!E7,'שלושת הצעדים'!E11)=0,"",N('שלושת הצעדים'!E7)+N('שלושת הצעדים'!E11)) | C8: 6000 | D8: ממוצע 3 חודשים מדף החשבון ומהאשראי: אוכל, בילויים, קניות
A9: שכר דירה היום | B9: =IF('שלושת הצעדים'!E6="","",'שלושת הצעדים'!E6) | C9: 5200 | D9: יוצא מהחשבון אחרי הקנייה, ובמקומו נכנס ההחזר
A10: תוספות בדירה בבעלות | C10: 600 | D10: ועד בית, הפרש ארנונה, ביטוחי חיים ומבנה שהבנק דורש - לפי הצעה שקיבלתם
A11: חיסכון חודשי שרוצים להמשיך | B11: =IF('שלושת הצעדים'!B28="","",'שלושת הצעדים'!B28) | C11: 1500 | D11: הסכום שלא רוצים לוותר עליו גם אחרי הקנייה
A12: הון עצמי זמין היום | C12: 450000 | D12: כל מה שאפשר להשתמש בו לקנייה, כולל עזרה מההורים אם היא סגורה
A13: עלויות סביב הקנייה | C13: 40000 | D13: עורך דין, שמאי, תיווך, פתיחת תיק, ומס רכישה אם יש (מחשבון רשות המסים, קישור בלשונית ההנחות)
A14: החודש הראשון בדירה | C14: 7000 | D14: הובלה, מכונת כביסה, וילונות, תיקון ראשון, מנעולים
A15: כמה חודשי הוצאות להשאיר בצד | C15: 3 | D15: כלל אצבע נפוץ: לפחות 3. זו כרית הביטחון, והיא לא הופכת להון עצמי
A16: ההלוואה
A17: ריבית שנתית משוערת להלוואה | C17: 0.045 | D17: מהצעה של בנק או מיועץ משכנתאות. 4.5% בדוגמה הוא להמחשה בלבד, לא תחזית
A18: שנות הלוואה | C18: 25 | D18: עד 30 שנה (הגבלת בנק ישראל)
A19: אחוז מימון מרבי | C19: 0.75 | D19: דירה יחידה 75%, משפרי דיור 70%, להשקעה 50% (בנק ישראל, 30.6.2026)

Sheet 2 ההחזר הנוח
A1: 2. ההחזר הנוח
A2: הבנק בודק כמה תוכלו להחזיר. כאן בודקים כמה נוח לכם להחזיר.
B4: שלכם | C4: בדוגמה | D4: מה זה אומר
A5: הכנסה נטו של שניכם | B5: =IF(AND(SUM('1 הנתונים שלכם'!B5:B6)>0,ISNUMBER('1 הנתונים שלכם'!B7),ISNUMBER('1 הנתונים שלכם'!B8)),'1 הנתונים שלכם'!B5+'1 הנתונים שלכם'!B6,"") | C5: =IF(AND(SUM('1 הנתונים שלכם'!C5:C6)>0,ISNUMBER('1 הנתונים שלכם'!C7),ISNUMBER('1 הנתונים שלכם'!C8)),'1 הנתונים שלכם'!C5+'1 הנתונים שלכם'!C6,"")
A6: הוצאות קבועות ומשתנות, בלי שכר דירה | B6: =IF(B5="","",'1 הנתונים שלכם'!B7+'1 הנתונים שלכם'!B8) | C6: =IF(C5="","",'1 הנתונים שלכם'!C7+'1 הנתונים שלכם'!C8)
A7: תוספות בדירה בבעלות | B7: =IF(B5="","",'1 הנתונים שלכם'!B10+0) | C7: =IF(C5="","",'1 הנתונים שלכם'!C10+0)
A8: חיסכון שרוצים להמשיך | B8: =IF(B5="","",N('1 הנתונים שלכם'!B11)) | C8: =IF(C5="","",N('1 הנתונים שלכם'!C11))
A9: ★1 כמה נשאר בסוף חודש, היום | B9: =IF(B5="","",B5-B6-N('1 הנתונים שלכם'!B9)) | C9: =IF(C5="","",C5-C6-N('1 הנתונים שלכם'!C9)) | D9: הכנסה פחות הוצאות ושכר דירה. בדקו מול דף החשבון: אם שם נשאר פחות, ההוצאות שכתבתם נמוכות מהמציאות
A10: החזר שמשאיר את החיסכון | B10: =IF(B5="","",B5-B6-B7-B8) | C10: =IF(C5="","",C5-C6-C7-C8) | D10: הכנסה פחות הוצאות, תוספות וחיסכון
A11: ההחזר הנוח לכם | B11: =IF(B5="","",MAX(0,B10)/(1+'הנחות ומקורות'!$B$6)) | C11: =IF(C5="","",MAX(0,C10)/(1+'הנחות ומקורות'!$B$6)) | D11: ממשיכים לחסוך, ונשאר מרווח אם ההחזר עולה (15%). זה המספר שכדאי להכיר לפני כל שיחה עם הבנק
A12: מה זה אומר | B12: =IF(B5="","",IF(B10<=0,"אין מקום להחזר. קודם מסדרים את התקציב","לפי החישוב: משאיר חיסכון ומרווח")) | C12: =IF(C5="","",IF(C10<=0,"אין מקום להחזר. קודם מסדרים את התקציב","לפי החישוב: משאיר חיסכון ומרווח"))
A13: ★2 כמה נשאר בצד אחרי הקנייה | B13: =IF(B5="","",'1 הנתונים שלכם'!B15*(B6+B7+B11)) | C13: =IF(C5="","",'1 הנתונים שלכם'!C15*(C6+C7+C11)) | D13: חודשי ההוצאות שבחרתם בלשונית 1, כולל ההחזר החדש. הכרית לא נכנסת לקנייה
A14: ★3 מבחן החודש הרע: נשאר או חסר | B14: =IF(B5="","",B5*(1-'הנחות ומקורות'!$B$5)-B6-B7-B11) | C14: =IF(C5="","",C5*(1-'הנחות ומקורות'!$B$5)-C6-C7-C11) | D14: ההכנסה יורדת (20%) והחיסכון נעצר. גם החזר נוח יכול להיכנס למינוס בחודש רע - בשביל זה יש כרית. מינוס גדול = הורידו את ההחזר
A15: ואם חסר - לכמה חודשים כאלה הכרית מספיקה | B15: =IF(B5="","",IF(B14>=0,"החודש הרע נסגר בלי לגעת בכרית",IF(B13=0,"אין כרית. מלאו חודשים בלשונית 1",IF(B13/-B14>=24,"יותר משנתיים של חודשים כאלה","מספיקה לכ-"&TEXT(INT(B13/-B14),"0")&" חודשים כאלה")))) | C15: =IF(C5="","",IF(C14>=0,"החודש הרע נסגר בלי לגעת בכרית",IF(C13=0,"אין כרית. מלאו חודשים בלשונית 1",IF(C13/-C14>=24,"יותר משנתיים של חודשים כאלה","מספיקה לכ-"&TEXT(INT(C13/-C14),"0")&" חודשים כאלה")))) | D15: בהנחה שההכנסה יורדת ב-20% ושום דבר אחר לא משתנה
A16: ההחזר הנוח כאחוז מההכנסה | B16: =IF(B5="","",B11/B5) | C16: =IF(C5="","",C11/C5) | D16: הבנק יכול לאשר יותר (עד 50% מהכנסה פנויה). הגבול של הבנק הוא לא היעד שלכם
A18: עוד לא רואים מספר? מלאו בלשונית 1 לפחות הכנסה אחת, הוצאות קבועות והוצאות משתנות.

Sheet 3 כמה דירה
A1: 3. מה זה אומר על הדירה
A2: תקרה להמחשה, לא מה שהבנק יאשר. מחשבון כללי עם ריבית אחת, בלי הצמדה למדד.
B4: שלכם | C4: בדוגמה | D4: מה זה אומר
A5: ההחזר הנוח (מלשונית 2) | B5: =IF('2 ההחזר הנוח'!B11="","",IF(AND(ISNUMBER('1 הנתונים שלכם'!B17),'1 הנתונים שלכם'!B18>0,ISNUMBER('1 הנתונים שלכם'!B12),'1 הנתונים שלכם'!B19>0,'1 הנתונים שלכם'!B19<1),'2 ההחזר הנוח'!B11,"")) | C5: =IF('2 ההחזר הנוח'!C11="","",IF(AND(ISNUMBER('1 הנתונים שלכם'!C17),'1 הנתונים שלכם'!C18>0,ISNUMBER('1 הנתונים שלכם'!C12),'1 הנתונים שלכם'!C19>0,'1 הנתונים שלכם'!C19<1),'2 ההחזר הנוח'!C11,"")) | D5: עוד לא רואים? מלאו גם ריבית, שנות הלוואה, הון עצמי ואחוז מימון בלשונית 1
A6: מספר תשלומים | B6: =IF(B5="","",'1 הנתונים שלכם'!B18*12) | C6: =IF(C5="","",'1 הנתונים שלכם'!C18*12)
A7: ההלוואה שההחזר הזה מחזיר | B7: =IF(B5="","",IF('1 הנתונים שלכם'!B17=0,B5*B6,PV('1 הנתונים שלכם'!B17/12,B6,-B5))) | C7: =IF(C5="","",IF('1 הנתונים שלכם'!C17=0,C5*C6,PV('1 הנתונים שלכם'!C17/12,C6,-C5))) | D7: סכום ההלוואה שהחזר חודשי קבוע מחזיר בריבית ובשנים שהכנסתם
A8: הון עצמי זמין | B8: =IF(B5="","",'1 הנתונים שלכם'!B12) | C8: =IF(C5="","",'1 הנתונים שלכם'!C12)
A9: ★2 כמה נשאר בצד אחרי הקנייה (מלשונית 2) | B9: =IF(B5="","",'2 ההחזר הנוח'!B13) | C9: =IF(C5="","",'2 ההחזר הנוח'!C13) | D9: הכרית לא נכנסת לקנייה
A10: עלויות סביב הקנייה והחודש הראשון | B10: =IF(B5="","",'1 הנתונים שלכם'!B13+'1 הנתונים שלכם'!B14) | C10: =IF(C5="","",'1 הנתונים שלכם'!C13+'1 הנתונים שלכם'!C14)
A11: הון עצמי שנשאר לקנייה עצמה | B11: =IF(B5="","",B8-B9-B10) | C11: =IF(C5="","",C8-C9-C10) | D11: הון עצמי, פחות הכרית, פחות העלויות
A12: תקרה לפי ההחזר | B12: =IF(B5="","",B7+MAX(0,B11)) | C12: =IF(C5="","",C7+MAX(0,C11)) | D12: הלוואה + הון עצמי לקנייה
A13: תקרה לפי אחוז המימון | B13: =IF(B5="","",MAX(0,B11)/(1-'1 הנתונים שלכם'!B19)) | C13: =IF(C5="","",MAX(0,C11)/(1-'1 הנתונים שלכם'!C19)) | D13: כמה דירה ההון העצמי מאפשר לפי אחוז המימון המרבי
A14: תקרת מחיר להמחשה | B14: =IF(B5="","",MIN(B12,B13)) | C14: =IF(C5="","",MIN(C12,C13)) | D14: הנמוכה מבין השתיים
A15: מה מגביל | B15: =IF(B5="","",IF(B5=0,"אין מקום להחזר. קודם מסדרים את התקציב",IF(B11<=0,"ההון העצמי לא מכסה כרית ועלויות. קודם חוסכים",IF(B12<=B13,"ההחזר החודשי","ההון העצמי (אחוז המימון)")))) | C15: =IF(C5="","",IF(C5=0,"אין מקום להחזר. קודם מסדרים את התקציב",IF(C11<=0,"ההון העצמי לא מכסה כרית ועלויות. קודם חוסכים",IF(C12<=C13,"ההחזר החודשי","ההון העצמי (אחוז המימון)"))))
A16: ההלוואה בתקרה | B16: =IF(B5="","",MAX(0,B14-MAX(0,B11))) | C16: =IF(C5="","",MAX(0,C14-MAX(0,C11)))
A17: ההחזר החודשי בתקרה | B17: =IF(B5="","",IF(B16=0,0,IF('1 הנתונים שלכם'!B17=0,B16/B6,PMT('1 הנתונים שלכם'!B17/12,B6,-B16)))) | C17: =IF(C5="","",IF(C16=0,0,IF('1 הנתונים שלכם'!C17=0,C16/C6,PMT('1 הנתונים שלכם'!C17/12,C6,-C16)))) | D17: לא עולה על ההחזר הנוח
A18: התקרה אם הריבית גבוהה בנקודת אחוז | B18: =IF(B5="","",MIN(PV(('1 הנתונים שלכם'!B17+'הנחות ומקורות'!$B$7)/12,B6,-B5)+MAX(0,B11),B13)) | C18: =IF(C5="","",MIN(PV(('1 הנתונים שלכם'!C17+'הנחות ומקורות'!$B$7)/12,C6,-C5)+MAX(0,C11),C13))
A19: המחיר להמחשה | B19: =IF(B5="","",IF(B5=0,"אין מקום להחזר. קודם מסדרים את התקציב",IF(B14<=0,"אין עדיין תקרה",IF(FLOOR(B18,10000)=FLOOR(B14,10000),"בערך "&TEXT(FLOOR(B14,10000),"#,##0")&" ₪","בערך "&TEXT(FLOOR(B18,10000),"#,##0")&" עד "&TEXT(FLOOR(B14,10000),"#,##0")&" ₪")))) | C19: =IF(C5="","",IF(C5=0,"אין מקום להחזר. קודם מסדרים את התקציב",IF(C14<=0,"אין עדיין תקרה",IF(FLOOR(C18,10000)=FLOOR(C14,10000),"בערך "&TEXT(FLOOR(C14,10000),"#,##0")&" ₪","בערך "&TEXT(FLOOR(C18,10000),"#,##0")&" עד "&TEXT(FLOOR(C14,10000),"#,##0")&" ₪")))) | D19: מעוגל כלפי מטה ל-10,000. טווח = בין הריבית שהכנסתם לריבית גבוהה בנקודת אחוז. מספר אחד = אחוז המימון מגביל, ולכן הריבית לא משנה את התקרה

Sheet 4 בדיקת דירה
A1: 4. בדיקת דירה
A2: מכניסים מחיר של דירה שראיתם. אפשר עד 3 דירות.
B4: דירה 1 | C4: דירה 2 | D4: דירה 3 | E4: בדוגמה
A5: מחיר הדירה | E5: 1500000
A6: הלוואה נדרשת | B6: =IF(OR(B5="",'3 כמה דירה'!B5=""),"",MAX(0,B5-MAX(0,'3 כמה דירה'!B11))) | C6: =IF(OR(C5="",'3 כמה דירה'!B5=""),"",MAX(0,C5-MAX(0,'3 כמה דירה'!B11))) | D6: =IF(OR(D5="",'3 כמה דירה'!B5=""),"",MAX(0,D5-MAX(0,'3 כמה דירה'!B11))) | E6: =IF(OR(E5="",'3 כמה דירה'!C5=""),"",MAX(0,E5-MAX(0,'3 כמה דירה'!C11)))
A7: אחוז מימון | B7: =IF(B6="","",B6/B5) | C7: =IF(C6="","",C6/C5) | D7: =IF(D6="","",D6/D5) | E7: =IF(E6="","",E6/E5)
A8: החזר חודשי | B8: =IF(B6="","",IF(B6=0,0,IF('1 הנתונים שלכם'!B17=0,B6/'3 כמה דירה'!B6,PMT('1 הנתונים שלכם'!B17/12,'3 כמה דירה'!B6,-B6)))) | C8: =IF(C6="","",IF(C6=0,0,IF('1 הנתונים שלכם'!B17=0,C6/'3 כמה דירה'!B6,PMT('1 הנתונים שלכם'!B17/12,'3 כמה דירה'!B6,-C6)))) | D8: =IF(D6="","",IF(D6=0,0,IF('1 הנתונים שלכם'!B17=0,D6/'3 כמה דירה'!B6,PMT('1 הנתונים שלכם'!B17/12,'3 כמה דירה'!B6,-D6)))) | E8: =IF(E6="","",IF(E6=0,0,IF('1 הנתונים שלכם'!C17=0,E6/'3 כמה דירה'!C6,PMT('1 הנתונים שלכם'!C17/12,'3 כמה דירה'!C6,-E6))))
A9: נשאר בסוף חודש אחרי הקנייה | B9: =IF(B6="","",'2 ההחזר הנוח'!B5-'2 ההחזר הנוח'!B6-'2 ההחזר הנוח'!B7-B8) | C9: =IF(C6="","",'2 ההחזר הנוח'!B5-'2 ההחזר הנוח'!B6-'2 ההחזר הנוח'!B7-C8) | D9: =IF(D6="","",'2 ההחזר הנוח'!B5-'2 ההחזר הנוח'!B6-'2 ההחזר הנוח'!B7-D8) | E9: =IF(E6="","",'2 ההחזר הנוח'!C5-'2 ההחזר הנוח'!C6-'2 ההחזר הנוח'!C7-E8) | F9: נשאר אחרי הקנייה, בהשוואה להיום (★1). ההחזר נכנס במקום שכר הדירה
A10: ★1 נשאר בסוף חודש, היום | B10: =IF(B6="","",'2 ההחזר הנוח'!B9) | C10: =IF(C6="","",'2 ההחזר הנוח'!B9) | D10: =IF(D6="","",'2 ההחזר הנוח'!B9) | E10: =IF(E6="","",'2 ההחזר הנוח'!C9)
A11: ★3 בחודש הרע, אחרי הקנייה | B11: =IF(B6="","",'2 ההחזר הנוח'!B5*(1-'הנחות ומקורות'!$B$5)-'2 ההחזר הנוח'!B6-'2 ההחזר הנוח'!B7-B8) | C11: =IF(C6="","",'2 ההחזר הנוח'!B5*(1-'הנחות ומקורות'!$B$5)-'2 ההחזר הנוח'!B6-'2 ההחזר הנוח'!B7-C8) | D11: =IF(D6="","",'2 ההחזר הנוח'!B5*(1-'הנחות ומקורות'!$B$5)-'2 ההחזר הנוח'!B6-'2 ההחזר הנוח'!B7-D8) | E11: =IF(E6="","",'2 ההחזר הנוח'!C5*(1-'הנחות ומקורות'!$B$5)-'2 ההחזר הנוח'!C6-'2 ההחזר הנוח'!C7-E8)
A12: התוצאה | B12: =IF(B6="","",IF('3 כמה דירה'!B11<0,"קודם להשלים כרית ועלויות",IF(AND(B7>'1 הנתונים שלכם'!B19+0.00001,B8>'2 ההחזר הנוח'!B11+0.5),"מעל אחוז המימון ומעל ההחזר הנוח",IF(B7>'1 הנתונים שלכם'!B19+0.00001,"מעל אחוז המימון",IF(B8>'2 ההחזר הנוח'!B11+0.5,"מעל ההחזר הנוח","בתוך הגבולות"))))&IF(AND('3 כמה דירה'!B11>=0,B11<0),". בחודש רע: מינוס","")) | C12: =IF(C6="","",IF('3 כמה דירה'!B11<0,"קודם להשלים כרית ועלויות",IF(AND(C7>'1 הנתונים שלכם'!B19+0.00001,C8>'2 ההחזר הנוח'!B11+0.5),"מעל אחוז המימון ומעל ההחזר הנוח",IF(C7>'1 הנתונים שלכם'!B19+0.00001,"מעל אחוז המימון",IF(C8>'2 ההחזר הנוח'!B11+0.5,"מעל ההחזר הנוח","בתוך הגבולות"))))&IF(AND('3 כמה דירה'!B11>=0,C11<0),". בחודש רע: מינוס","")) | D12: =IF(D6="","",IF('3 כמה דירה'!B11<0,"קודם להשלים כרית ועלויות",IF(AND(D7>'1 הנתונים שלכם'!B19+0.00001,D8>'2 ההחזר הנוח'!B11+0.5),"מעל אחוז המימון ומעל ההחזר הנוח",IF(D7>'1 הנתונים שלכם'!B19+0.00001,"מעל אחוז המימון",IF(D8>'2 ההחזר הנוח'!B11+0.5,"מעל ההחזר הנוח","בתוך הגבולות"))))&IF(AND('3 כמה דירה'!B11>=0,D11<0),". בחודש רע: מינוס","")) | E12: =IF(E6="","",IF('3 כמה דירה'!C11<0,"קודם להשלים כרית ועלויות",IF(AND(E7>'1 הנתונים שלכם'!C19+0.00001,E8>'2 ההחזר הנוח'!C11+0.5),"מעל אחוז המימון ומעל ההחזר הנוח",IF(E7>'1 הנתונים שלכם'!C19+0.00001,"מעל אחוז המימון",IF(E8>'2 ההחזר הנוח'!C11+0.5,"מעל ההחזר הנוח","בתוך הגבולות"))))&IF(AND('3 כמה דירה'!C11>=0,E11<0),". בחודש רע: מינוס",""))

Sheet 5 סגירת חודש
A1: 5. סגירת חודש
A2: 3 חודשים ברצף לפני משכנתא. תכננו / קרה / פער. מהחודש השני - 15 דקות.
B4: חודש 1 | E4: חודש 2 | H4: חודש 3
B5: תכננו | C5: קרה | D5: פער | E5: תכננו | F5: קרה | G5: פער | H5: תכננו | I5: קרה | J5: פער
A6: הכנסות | D6: =IF(OR(B6="",C6=""),"",C6-B6) | G6: =IF(OR(E6="",F6=""),"",F6-E6) | J6: =IF(OR(H6="",I6=""),"",I6-H6)
A7: הוצאות | D7: =IF(OR(B7="",C7=""),"",C7-B7) | G7: =IF(OR(E7="",F7=""),"",F7-E7) | J7: =IF(OR(H7="",I7=""),"",I7-H7)
A8: ★1 נשאר בסוף חודש | B8: =IF(COUNT(B6:B7)<2,"",B6-B7) | C8: =IF(COUNT(C6:C7)<2,"",C6-C7) | D8: =IF(OR(B8="",C8=""),"",C8-B8) | E8: =IF(COUNT(E6:E7)<2,"",E6-E7) | F8: =IF(COUNT(F6:F7)<2,"",F6-F7) | G8: =IF(OR(E8="",F8=""),"",F8-E8) | H8: =IF(COUNT(H6:H7)<2,"",H6-H7) | I8: =IF(COUNT(I6:I7)<2,"",I6-I7) | J8: =IF(OR(H8="",I8=""),"",I8-H8)
A11: פער גדול בהוצאות? זה המקום לבדוק לפני משכנתא, לא אחרי.
A13: מה הלאה, לפני שהולכים לבנק:
A14: ☐ הזמנתם דוח נתוני אשראי. אפשר פעם בשנה בחינם (פרטים בלשונית ההנחות)
A15: ☐ 3 חודשים אחרונים בלי מינוס ובלי החזרות תשלום
A16: ☐ רשימה של כל ההלוואות והתשלומים הפתוחים
A17: ☐ דיברתם: התוכניות ל-5 השנים הבאות, איך מתחלק ההחזר בינכם, והסכום שמעליו לא חותמים

Sheet הנחות ומקורות
A1: הנחות ומקורות
A2: נכון ל-27.10.2026. בדקו עדכניות לפני שמסתמכים. מותר לשנות את הערכים בצהוב.
A4: הנחה | B4: ערך | C4: מקור / הסבר
A5: ירידת הכנסה במבחן החודש הרע | B5: 0.2 | C5: בונוס שלא הגיע, ירידה בשעות, חופשה ללא תשלום. הנחה לבדיקת עמידות, לא תחזית
A6: מרווח לעלייה בהחזר | B6: 0.15 | C6: משכנתא אמיתית כוללת מסלולים משתנים וצמודים, וההחזר בהם יכול לעלות. הנחה, לא תחזית
A7: תוספת ריבית לבדיקת טווח | B7: 0.01 | C7: כמה התקרה זזה אם הריבית גבוהה בנקודת אחוז אחת
A9: מה הבנק מגביל (הוראת ניהול בנקאי תקין 329, בנק ישראל, גרסה מ-30.6.2026):
A10: • אחוז מימון מרבי: דירה יחידה 75%, דירה חליפית (משפרי דיור) 70%, דירה להשקעה 50%.
A11: • יחס החזר להכנסה: עד 50% מההכנסה הפנויה כפי שהבנק מחשב אותה. זו תקרה של הבנק, לא יעד נוח.
A12: • תקופה מרבית: 30 שנה. ריבית משתנה: עד כשני שלישים מההלוואה.
A13: מקור: https://www.boi.org.il/media/ez4npagt/329.pdf
A15: דוח נתוני אשראי: אפשר לקבל פעם בשנה דוח בחינם (חוק נתוני אשראי, סעיף 38(ד)). פרטים: https://www.creditdata.org.il
A17: מס רכישה: המחשבון לא מחשב אותו. מכניסים את הסכום בלשונית 1, לפי המחשבון הרשמי של רשות המסים: https://www.misim.gov.il/svsimurechisha/FrmFirstPage.aspx
A19: מה המחשבון לא יודע: ריבית אחת לכל ההלוואה (בפועל - כמה מסלולים), בלי הצמדה למדד, בלי שינויי ריבית לאורך השנים, ובלי שיקולי הבנק (דירוג אשראי, יציבות הכנסה, גיל).
